{"cameraMode":{"drawMode":0,"name":"Shaded","section":"Shading Mode"},"sceneLighting":false,"audioPlay":false,"sceneViewState":{"m_AlwaysRefresh":false,"showFog":true,"showSkybox":false,"showFlares":true,"showImageEffects":true,"showParticleSystems":true,"showVisualEffectGraphs":true,"m_FxEnabled":true},"in2DMode":false,"pivot":{"x":41.436866760253909,"y":-29.98080062866211,"z":-5.278600692749023},"rotation":{"x":0.03964231163263321,"y":-0.9283363223075867,"z":0.10377034544944763,"w":0.35485103726387026},"size":31.170578002929689,"orthographic":false}