{"cameraMode":{"drawMode":0,"name":"Shaded","section":"Shading Mode"},"sceneLighting":false,"audioPlay":false,"sceneViewState":{"m_AlwaysRefresh":false,"showFog":true,"showSkybox":false,"showFlares":true,"showImageEffects":true,"showParticleSystems":true,"showVisualEffectGraphs":true,"m_FxEnabled":true},"in2DMode":false,"pivot":{"x":0.12173157930374146,"y":0.000005223788321018219,"z":-0.5790971517562866},"rotation":{"x":-0.2442985475063324,"y":-0.6919279098510742,"z":0.27142202854156496,"w":-0.6228386759757996},"size":0.15157358348369599,"orthographic":false}