{"cameraMode":{"drawMode":0,"name":"Shaded","section":"Shading Mode"},"sceneLighting":false,"audioPlay":false,"sceneViewState":{"m_AlwaysRefresh":false,"showFog":true,"showSkybox":false,"showFlares":true,"showImageEffects":true,"showParticleSystems":true,"showVisualEffectGraphs":true,"m_FxEnabled":true},"in2DMode":false,"pivot":{"x":-21.563234329223634,"y":0.007323861122131348,"z":-7.630998611450195},"rotation":{"x":-0.03927760571241379,"y":-0.03387123718857765,"z":0.0013307312037795783,"w":-0.998664379119873},"size":0.8660252690315247,"orthographic":false}